age,gender,city,education,income,target_class
56,Female,Peshawar,Bachelors,139879,2
38,Male,Lahore,Bachelors,188266,2
28,Female,Peshawar,Masters,36023,0
20,Female,Peshawar,Intermediate,79735,1
47,Female,Lahore,Masters,123355,2
38,Male,Quetta,Intermediate,179765,2
42,Male,Islamabad,Bachelors,104478,1
59,Female,Quetta,Masters,143855,2
32,Female,Islamabad,Masters,76886,1
20,Male,Islamabad,Bachelors,107313,1
21,Male,Quetta,Intermediate,194073,2
26,Female,Peshawar,Intermediate,144243,2
45,Male,Quetta,Bachelors,68555,1
25,Male,Islamabad,Intermediate,55920,0
53,Female,Quetta,Intermediate,98953,1
21,Female,Peshawar,Bachelors,57065,0
53,Female,Quetta,Matric,75591,1
38,Female,Peshawar,Intermediate,102798,1
41,Female,Karachi,Masters,190171,2
58,Male,Peshawar,Matric,68984,1
24,Male,Karachi,Masters,153767,2
41,Male,Islamabad,Bachelors,59504,0
25,Male,Islamabad,Matric,32666,0
22,Female,Lahore,Matric,42662,0
26,Female,Quetta,Intermediate,72256,1
40,Female,Peshawar,Bachelors,30965,0
44,Male,Karachi,Bachelors,133252,2
31,Male,Karachi,Matric,118806,1
31,Male,Islamabad,Matric,151278,2
32,Female,Lahore,Masters,70015,1
56,Male,Quetta,Matric,130687,2
21,Female,Peshawar,Bachelors,184899,2
30,Female,Islamabad,Bachelors,137845,2
45,Female,Lahore,Matric,193629,2
23,Female,Quetta,Masters,45939,0
47,Female,Islamabad,Masters,46105,0
45,Male,Karachi,Matric,148376,2
44,Female,Karachi,Masters,147948,2
58,Male,Islamabad,Matric,139101,2
54,Male,Islamabad,Intermediate,147659,2
41,Male,Islamabad,Intermediate,81087,1
49,Female,Karachi,Masters,71005,1
29,Female,Lahore,Bachelors,174736,2
54,Male,Karachi,Bachelors,46736,0
19,Female,Quetta,Intermediate,151926,2
54,Female,Karachi,Matric,197789,2
19,Male,Quetta,Intermediate,177381,2
49,Male,Quetta,Bachelors,118506,1
34,Male,Peshawar,Masters,126081,2
23,Female,Islamabad,Bachelors,100623,1
33,Male,Karachi,Masters,106202,1
23,Female,Peshawar,Bachelors,69811,1
53,Male,Lahore,Bachelors,162483,2
49,Male,Quetta,Matric,104896,1
57,Female,Lahore,Masters,57504,0
28,Female,Karachi,Matric,132561,2
40,Male,Lahore,Bachelors,167718,2
33,Female,Karachi,Masters,131472,2
19,Male,Quetta,Matric,137796,2
49,Male,Karachi,Matric,137858,2
36,Female,Islamabad,Masters,26295,0
50,Female,Quetta,Bachelors,136336,2
25,Female,Quetta,Intermediate,199426,2
42,Male,Karachi,Matric,198047,2
35,Female,Islamabad,Masters,70108,1
58,Female,Karachi,Masters,43328,0
31,Male,Quetta,Masters,173471,2
25,Male,Islamabad,Matric,90271,1
50,Female,Quetta,Bachelors,191890,2
39,Male,Peshawar,Bachelors,96213,1
25,Male,Islamabad,Intermediate,199476,2
47,Male,Quetta,Bachelors,127455,2
50,Male,Quetta,Matric,65714,1
21,Male,Karachi,Masters,144123,2
47,Male,Peshawar,Intermediate,198274,2
58,Male,Peshawar,Matric,151373,2
48,Male,Quetta,Matric,144019,2
38,Female,Karachi,Masters,46641,0
42,Female,Lahore,Bachelors,56631,0
49,Male,Lahore,Bachelors,102074,1
59,Female,Lahore,Matric,178823,2
50,Male,Islamabad,Intermediate,125510,2
46,Female,Lahore,Bachelors,49592,0
41,Male,Quetta,Intermediate,130627,2
37,Male,Quetta,Bachelors,144046,2
45,Female,Lahore,Masters,162038,2
39,Male,Karachi,Intermediate,146141,2
39,Female,Lahore,Intermediate,51024,0
59,Female,Islamabad,Masters,133632,2
25,Male,Quetta,Masters,199819,2
22,Male,Quetta,Intermediate,183165,2
52,Male,Quetta,Masters,114476,1
59,Female,Islamabad,Matric,93847,1
36,Female,Lahore,Bachelors,45945,0
54,Female,Peshawar,Intermediate,152222,2
26,Female,Peshawar,Matric,86617,1
18,Male,Lahore,Masters,158877,2
42,Female,Peshawar,Matric,131488,2
33,Male,Peshawar,Intermediate,87215,1
54,Female,Karachi,Matric,29435,0
22,Male,Karachi,Intermediate,98781,1
22,Female,Lahore,Intermediate,186319,2
38,Male,Quetta,Matric,76573,1
47,Male,Lahore,Intermediate,118116,1
53,Female,Quetta,Bachelors,43289,0
36,Female,Karachi,Masters,29540,0
21,Female,Lahore,Matric,69115,1
49,Male,Quetta,Masters,31938,0
50,Male,Peshawar,Bachelors,113610,1
54,Female,Islamabad,Matric,58304,0
57,Female,Islamabad,Masters,171836,2
30,Female,Lahore,Matric,112658,1
52,Male,Karachi,Intermediate,45351,0
46,Female,Lahore,Intermediate,85953,1
58,Male,Quetta,Intermediate,109588,1
28,Male,Quetta,Matric,80692,1
53,Female,Peshawar,Matric,186807,2
52,Male,Islamabad,Masters,37955,0
35,Male,Peshawar,Masters,187280,2
30,Male,Karachi,Bachelors,172424,2
47,Male,Karachi,Intermediate,192627,2
42,Female,Peshawar,Bachelors,59954,0
53,Female,Peshawar,Matric,175538,2
29,Male,Quetta,Intermediate,71934,1
36,Female,Peshawar,Matric,122795,2
42,Female,Islamabad,Matric,138324,2
40,Female,Karachi,Bachelors,104076,1
59,Female,Lahore,Matric,174786,2
40,Male,Islamabad,Bachelors,26801,0
29,Male,Lahore,Intermediate,195333,2
24,Female,Peshawar,Masters,59081,0
26,Female,Islamabad,Intermediate,108092,1
54,Female,Islamabad,Masters,33807,0
18,Female,Quetta,Matric,191334,2
42,Male,Quetta,Masters,186981,2
48,Male,Peshawar,Masters,46790,0
44,Female,Lahore,Bachelors,35485,0
20,Male,Peshawar,Intermediate,160507,2
37,Female,Peshawar,Bachelors,193416,2
56,Male,Islamabad,Matric,100219,1
42,Female,Karachi,Intermediate,134821,2
49,Male,Peshawar,Bachelors,148148,2
33,Female,Peshawar,Bachelors,41732,0
53,Male,Islamabad,Masters,134065,2
58,Male,Karachi,Matric,130133,2
20,Female,Karachi,Bachelors,98859,1
27,Female,Quetta,Masters,86203,1
25,Female,Quetta,Masters,81529,1
25,Female,Quetta,Intermediate,53307,0
45,Male,Karachi,Masters,40159,0
44,Female,Karachi,Matric,98752,1
37,Male,Quetta,Masters,102844,1
30,Female,Islamabad,Matric,196517,2
35,Male,Peshawar,Bachelors,149473,2
27,Female,Lahore,Bachelors,188964,2
50,Female,Karachi,Intermediate,159487,2
28,Male,Lahore,Bachelors,40309,0
44,Male,Peshawar,Matric,38017,0
58,Male,Karachi,Matric,192015,2
23,Female,Karachi,Matric,118142,1
22,Female,Islamabad,Matric,43574,0
54,Male,Peshawar,Intermediate,183273,2
36,Male,Peshawar,Intermediate,141288,2
18,Male,Peshawar,Matric,77091,1
18,Male,Lahore,Masters,158311,2
56,Female,Lahore,Intermediate,81877,1
20,Male,Lahore,Masters,194016,2
22,Female,Islamabad,Matric,39198,0
40,Male,Peshawar,Matric,97709,1
19,Male,Islamabad,Bachelors,101317,1
51,Female,Lahore,Intermediate,158013,2
32,Male,Islamabad,Bachelors,95745,1
55,Male,Quetta,Intermediate,90390,1
59,Male,Karachi,Matric,123196,2
21,Female,Karachi,Intermediate,39963,0
37,Female,Peshawar,Intermediate,93477,1
19,Male,Islamabad,Bachelors,163087,2
28,Male,Karachi,Bachelors,157162,2
33,Female,Quetta,Masters,145827,2
42,Male,Islamabad,Bachelors,89724,1
49,Female,Peshawar,Intermediate,162386,2
36,Male,Peshawar,Intermediate,131195,2
59,Male,Peshawar,Intermediate,150560,2
22,Male,Quetta,Intermediate,71745,1
31,Female,Peshawar,Bachelors,43624,0
43,Male,Karachi,Intermediate,161550,2
47,Male,Peshawar,Matric,115257,1
53,Male,Karachi,Bachelors,70428,1
32,Male,Lahore,Masters,93686,1
31,Female,Lahore,Matric,125113,2
31,Male,Islamabad,Bachelors,156194,2
40,Female,Islamabad,Bachelors,87067,1
35,Female,Islamabad,Bachelors,186926,2
42,Male,Peshawar,Masters,21062,0
34,Male,Lahore,Intermediate,67915,1
42,Male,Peshawar,Masters,157240,2
21,Female,Islamabad,Matric,145036,2
35,Male,Quetta,Bachelors,46069,0
51,Male,Karachi,Masters,92274,1
59,Male,Peshawar,Intermediate,68447,1
51,Male,Islamabad,Matric,132581,2
54,Male,Karachi,Matric,178357,2
38,Female,Quetta,Intermediate,96125,1
48,Female,Karachi,Bachelors,175890,2
48,Female,Peshawar,Masters,29111,0
48,Female,Lahore,Masters,179818,2
21,Male,Karachi,Intermediate,33234,0
19,Male,Islamabad,Masters,66514,1
22,Female,Lahore,Intermediate,84323,1
36,Female,Karachi,Masters,188048,2
29,Male,Karachi,Intermediate,98477,1
55,Male,Islamabad,Bachelors,125292,2
20,Male,Lahore,Masters,85545,1
22,Male,Lahore,Masters,59809,0
30,Female,Lahore,Masters,28512,0
54,Male,Karachi,Matric,113070,1
41,Female,Islamabad,Intermediate,62078,1
22,Female,Quetta,Masters,62929,1
31,Male,Islamabad,Matric,104555,1
52,Male,Karachi,Masters,187231,2
39,Female,Peshawar,Masters,192904,2
54,Female,Quetta,Intermediate,106740,1
54,Male,Islamabad,Bachelors,151149,2
43,Female,Quetta,Matric,34060,0
59,Male,Lahore,Masters,180359,2
31,Female,Islamabad,Matric,122974,2
32,Male,Karachi,Matric,185088,2
19,Female,Peshawar,Masters,112263,1
56,Male,Islamabad,Bachelors,103122,1
25,Female,Quetta,Bachelors,140430,2
46,Male,Quetta,Intermediate,160518,2
44,Female,Peshawar,Intermediate,117720,1
50,Male,Peshawar,Bachelors,22336,0
21,Female,Lahore,Intermediate,122916,2
27,Male,Peshawar,Bachelors,180558,2
53,Male,Quetta,Masters,149038,2
46,Female,Peshawar,Matric,34382,0
21,Female,Peshawar,Intermediate,167550,2
53,Female,Lahore,Bachelors,150330,2
22,Female,Islamabad,Intermediate,34153,0
57,Female,Lahore,Intermediate,110474,1
29,Female,Peshawar,Masters,145885,2
35,Male,Karachi,Bachelors,111751,1
29,Female,Quetta,Masters,80279,1
54,Female,Lahore,Matric,129945,2
26,Female,Islamabad,Matric,195399,2
58,Female,Islamabad,Bachelors,54560,0
54,Male,Lahore,Intermediate,198595,2
40,Male,Karachi,Bachelors,188502,2
57,Male,Peshawar,Bachelors,76264,1
26,Female,Quetta,Matric,117945,1
58,Male,Quetta,Matric,159649,2
24,Female,Islamabad,Intermediate,56368,0
41,Male,Quetta,Intermediate,39956,0
41,Male,Karachi,Matric,114270,1
39,Female,Quetta,Intermediate,123892,2
24,Male,Quetta,Matric,72853,1
39,Female,Peshawar,Masters,171878,2
18,Female,Peshawar,Intermediate,112374,1
36,Female,Peshawar,Matric,193532,2
47,Female,Islamabad,Intermediate,184608,2
31,Male,Lahore,Intermediate,157717,2
45,Male,Lahore,Intermediate,58565,0
21,Male,Peshawar,Bachelors,60806,1
20,Female,Lahore,Intermediate,151026,2
51,Female,Karachi,Bachelors,125947,2
49,Female,Peshawar,Masters,130904,2
20,Female,Islamabad,Bachelors,94055,1
54,Male,Islamabad,Matric,105595,1
25,Female,Islamabad,Masters,107127,1
31,Female,Islamabad,Masters,139235,2
54,Female,Peshawar,Intermediate,86358,1
35,Male,Lahore,Bachelors,36032,0
40,Male,Islamabad,Masters,187292,2
36,Female,Peshawar,Masters,138865,2
19,Male,Peshawar,Masters,123145,2
19,Male,Quetta,Masters,34596,0
54,Female,Karachi,Intermediate,158155,2
52,Female,Lahore,Intermediate,168843,2
41,Male,Lahore,Intermediate,39063,0
40,Female,Karachi,Intermediate,55954,0
34,Female,Karachi,Masters,119608,1
56,Male,Islamabad,Intermediate,136739,2
43,Female,Peshawar,Matric,146678,2
54,Male,Lahore,Masters,81268,1
59,Female,Karachi,Intermediate,177729,2
34,Male,Karachi,Intermediate,148377,2
29,Male,Peshawar,Intermediate,36725,0
38,Male,Karachi,Bachelors,49402,0
57,Female,Quetta,Matric,67924,1
24,Female,Peshawar,Matric,55737,0
38,Female,Lahore,Intermediate,148575,2
19,Female,Islamabad,Matric,170322,2
53,Male,Lahore,Matric,77492,1
28,Female,Islamabad,Masters,175834,2
56,Female,Islamabad,Intermediate,179841,2
41,Female,Peshawar,Masters,172864,2
53,Male,Quetta,Bachelors,183059,2
34,Female,Islamabad,Matric,58890,0
51,Male,Lahore,Intermediate,152596,2
26,Male,Karachi,Matric,54008,0
57,Female,Karachi,Bachelors,44354,0
20,Female,Peshawar,Masters,40581,0
51,Female,Islamabad,Matric,145995,2
34,Female,Karachi,Bachelors,77134,1
29,Female,Islamabad,Masters,163326,2
38,Male,Peshawar,Intermediate,125423,2
23,Female,Karachi,Intermediate,97454,1
43,Male,Peshawar,Intermediate,179007,2
27,Female,Karachi,Bachelors,107833,1
38,Female,Lahore,Bachelors,64813,1
32,Male,Karachi,Bachelors,100559,1
25,Female,Islamabad,Bachelors,157809,2
48,Female,Quetta,Bachelors,39426,0
35,Male,Lahore,Bachelors,107312,1
31,Male,Islamabad,Masters,116443,1
51,Male,Peshawar,Bachelors,154055,2
43,Male,Quetta,Bachelors,114071,1
21,Male,Karachi,Matric,178417,2
50,Female,Peshawar,Intermediate,94859,1
19,Male,Islamabad,Intermediate,145341,2
30,Male,Lahore,Masters,164991,2
52,Male,Quetta,Matric,180701,2
46,Female,Peshawar,Masters,32984,0
33,Female,Quetta,Bachelors,161688,2
27,Female,Karachi,Bachelors,154502,2
37,Male,Karachi,Intermediate,22050,0
31,Female,Lahore,Masters,183985,2
54,Male,Karachi,Matric,186472,2
32,Male,Karachi,Masters,63001,1
54,Male,Peshawar,Bachelors,188645,2
56,Female,Islamabad,Intermediate,54636,0
51,Male,Quetta,Masters,148583,2
37,Male,Peshawar,Bachelors,185229,2
27,Male,Lahore,Matric,136953,2
58,Male,Lahore,Bachelors,165271,2
23,Male,Peshawar,Intermediate,86262,1
26,Male,Quetta,Intermediate,50448,0
59,Male,Lahore,Intermediate,177757,2
34,Female,Islamabad,Masters,27906,0
55,Male,Peshawar,Bachelors,80504,1
26,Female,Peshawar,Intermediate,168746,2
58,Female,Islamabad,Bachelors,85160,1
20,Male,Lahore,Masters,114377,1
26,Male,Karachi,Matric,70106,1
51,Female,Quetta,Bachelors,89669,1
25,Male,Peshawar,Masters,132217,2
35,Female,Peshawar,Masters,160975,2
30,Female,Peshawar,Matric,65648,1
57,Male,Peshawar,Bachelors,170201,2
20,Female,Lahore,Masters,119616,1
23,Female,Islamabad,Masters,39623,0
45,Male,Islamabad,Bachelors,125228,2
42,Male,Lahore,Masters,106206,1
44,Female,Quetta,Bachelors,68874,1
48,Male,Lahore,Intermediate,22719,0
47,Male,Lahore,Masters,146209,2
31,Male,Peshawar,Masters,184134,2
19,Female,Peshawar,Intermediate,95418,1
58,Male,Lahore,Masters,188383,2
41,Male,Islamabad,Masters,96242,1
47,Male,Lahore,Matric,193279,2
51,Male,Quetta,Masters,111357,1
54,Male,Quetta,Masters,103807,1
53,Female,Quetta,Bachelors,143797,2
34,Female,Karachi,Intermediate,40953,0
35,Female,Peshawar,Masters,97475,1
52,Female,Peshawar,Masters,77372,1
28,Male,Islamabad,Bachelors,49241,0
40,Female,Lahore,Intermediate,164097,2
46,Female,Karachi,Bachelors,157612,2
58,Male,Peshawar,Matric,168554,2
49,Female,Quetta,Intermediate,42042,0
20,Male,Quetta,Masters,117883,1
46,Male,Peshawar,Bachelors,68901,1
36,Male,Peshawar,Bachelors,25626,0
18,Female,Quetta,Intermediate,171054,2
51,Male,Islamabad,Masters,104976,1
42,Female,Quetta,Intermediate,189230,2
33,Male,Quetta,Intermediate,135672,2
34,Male,Peshawar,Masters,102970,1
24,Male,Peshawar,Masters,189899,2
41,Female,Lahore,Bachelors,166323,2
32,Male,Karachi,Intermediate,99083,1
37,Female,Karachi,Intermediate,85455,1
39,Female,Peshawar,Matric,74615,1
25,Male,Peshawar,Matric,122471,2
38,Female,Lahore,Intermediate,146446,2
48,Female,Islamabad,Matric,192760,2
50,Female,Karachi,Masters,184053,2
41,Male,Karachi,Masters,145816,2
49,Male,Quetta,Masters,55488,0
27,Female,Lahore,Masters,142720,2
19,Male,Karachi,Matric,196076,2
47,Male,Peshawar,Masters,76985,1
39,Male,Lahore,Intermediate,174470,2
43,Female,Lahore,Intermediate,147118,2
51,Female,Quetta,Matric,71047,1
28,Male,Islamabad,Bachelors,152997,2
26,Female,Karachi,Bachelors,145150,2
49,Male,Lahore,Masters,122215,2
45,Female,Quetta,Intermediate,81550,1
24,Male,Quetta,Masters,31653,0
39,Female,Islamabad,Bachelors,172360,2
59,Female,Islamabad,Intermediate,92715,1
40,Female,Peshawar,Matric,99148,1
36,Male,Quetta,Matric,48380,0
49,Male,Quetta,Intermediate,125361,2
36,Female,Peshawar,Masters,22920,0
20,Female,Lahore,Bachelors,196572,2
46,Female,Karachi,Bachelors,181099,2
47,Male,Lahore,Matric,94131,1
54,Female,Quetta,Masters,121757,2
37,Female,Lahore,Matric,100818,1
49,Male,Quetta,Intermediate,182932,2
51,Female,Quetta,Intermediate,46958,0
51,Female,Lahore,Bachelors,37778,0
29,Male,Peshawar,Intermediate,146503,2
38,Male,Karachi,Bachelors,39975,0
53,Female,Lahore,Masters,108397,1
19,Male,Peshawar,Matric,196037,2
58,Female,Quetta,Matric,118317,1
56,Male,Quetta,Intermediate,65893,1
34,Male,Karachi,Matric,87649,1
52,Male,Peshawar,Bachelors,164832,2
57,Female,Quetta,Matric,141750,2
48,Male,Lahore,Bachelors,53397,0
31,Female,Lahore,Matric,140585,2
29,Female,Karachi,Matric,157348,2
37,Female,Islamabad,Masters,128856,2
37,Female,Karachi,Bachelors,75204,1
54,Female,Peshawar,Matric,29847,0
45,Male,Quetta,Bachelors,54707,0
31,Female,Karachi,Bachelors,111155,1
43,Male,Karachi,Bachelors,152130,2
23,Male,Peshawar,Bachelors,180928,2
31,Female,Lahore,Masters,186129,2
41,Male,Islamabad,Intermediate,146945,2
42,Female,Peshawar,Matric,166470,2
48,Female,Islamabad,Intermediate,29110,0
55,Female,Peshawar,Masters,148335,2
59,Female,Lahore,Matric,143008,2
25,Male,Peshawar,Bachelors,130677,2
51,Male,Lahore,Bachelors,108009,1
47,Female,Lahore,Matric,44089,0
25,Male,Karachi,Masters,70138,1
25,Male,Quetta,Matric,121376,2
36,Male,Peshawar,Masters,178056,2
43,Female,Quetta,Intermediate,123409,2
23,Male,Karachi,Matric,131279,2
30,Male,Peshawar,Matric,190954,2
21,Female,Peshawar,Intermediate,49165,0
21,Female,Islamabad,Intermediate,56321,0
35,Male,Karachi,Bachelors,176498,2
28,Male,Karachi,Matric,23726,0
18,Female,Lahore,Bachelors,120494,2
38,Male,Quetta,Matric,123896,2
50,Male,Karachi,Bachelors,173515,2
55,Female,Islamabad,Bachelors,45537,0
26,Male,Peshawar,Intermediate,26471,0
19,Female,Quetta,Matric,21177,0
42,Female,Peshawar,Intermediate,73551,1
54,Male,Quetta,Masters,93770,1
40,Female,Lahore,Masters,98714,1
38,Male,Islamabad,Bachelors,79182,1
32,Male,Quetta,Bachelors,56914,0
32,Female,Peshawar,Matric,188722,2
51,Female,Peshawar,Masters,27151,0
44,Male,Quetta,Bachelors,141999,2
59,Female,Lahore,Intermediate,196048,2
30,Female,Lahore,Matric,106365,1
28,Male,Quetta,Intermediate,180806,2
30,Male,Karachi,Intermediate,157513,2
53,Female,Quetta,Intermediate,120102,2
18,Female,Peshawar,Intermediate,108204,1
39,Female,Peshawar,Intermediate,160507,2
26,Female,Karachi,Bachelors,101929,1
41,Female,Karachi,Matric,51401,0
25,Female,Karachi,Intermediate,147834,2
54,Female,Lahore,Masters,187523,2
56,Female,Karachi,Intermediate,101571,1
27,Male,Lahore,Matric,46160,0
52,Female,Lahore,Matric,37014,0
38,Male,Peshawar,Bachelors,112578,1
45,Male,Islamabad,Intermediate,178285,2
30,Male,Karachi,Intermediate,37727,0
52,Male,Peshawar,Intermediate,114018,1
59,Female,Peshawar,Bachelors,146888,2
28,Male,Quetta,Intermediate,58467,0
43,Female,Lahore,Masters,190604,2
53,Female,Peshawar,Matric,165282,2
26,Female,Karachi,Bachelors,88008,1
56,Female,Peshawar,Matric,84315,1
19,Female,Peshawar,Masters,56378,0
49,Male,Lahore,Bachelors,65113,1
20,Female,Lahore,Bachelors,170273,2
55,Male,Islamabad,Intermediate,29686,0
47,Female,Quetta,Intermediate,62828,1
46,Male,Karachi,Bachelors,20207,0
59,Female,Karachi,Bachelors,88619,1
34,Female,Quetta,Masters,190963,2
20,Female,Peshawar,Bachelors,122747,2
57,Female,Peshawar,Masters,192395,2
18,Male,Peshawar,Masters,141237,2
35,Female,Karachi,Matric,96559,1
29,Female,Quetta,Intermediate,138413,2
53,Male,Lahore,Matric,144481,2
58,Male,Lahore,Bachelors,198936,2
26,Male,Islamabad,Bachelors,58067,0
40,Female,Quetta,Intermediate,110373,1
52,Female,Islamabad,Bachelors,155509,2
54,Female,Lahore,Masters,118864,1
59,Female,Lahore,Matric,54594,0
47,Female,Lahore,Intermediate,93861,1
20,Female,Quetta,Intermediate,98222,1
38,Male,Lahore,Bachelors,40609,0
52,Female,Quetta,Intermediate,199967,2
27,Male,Lahore,Matric,84309,1
50,Female,Karachi,Intermediate,51055,0
20,Male,Karachi,Intermediate,70200,1
30,Male,Lahore,Masters,121268,2
51,Female,Karachi,Bachelors,197731,2
29,Female,Quetta,Matric,184685,2
37,Female,Peshawar,Masters,55262,0
23,Female,Peshawar,Bachelors,106269,1
19,Female,Islamabad,Bachelors,59922,0
22,Male,Lahore,Intermediate,124792,2
19,Female,Islamabad,Intermediate,197404,2
48,Female,Karachi,Bachelors,64936,1
52,Male,Karachi,Masters,48141,0
24,Female,Quetta,Matric,117539,1
21,Male,Karachi,Matric,185243,2
46,Female,Quetta,Masters,77009,1
54,Female,Peshawar,Bachelors,116774,1
44,Female,Peshawar,Matric,96373,1
22,Female,Lahore,Intermediate,109818,1
38,Female,Peshawar,Intermediate,44022,0
56,Male,Karachi,Matric,173812,2
43,Female,Peshawar,Matric,36052,0
35,Male,Peshawar,Masters,20163,0
34,Male,Karachi,Masters,161706,2
38,Female,Peshawar,Intermediate,30749,0
21,Female,Quetta,Masters,184433,2
57,Male,Karachi,Matric,46035,0
46,Female,Lahore,Matric,137360,2
58,Female,Karachi,Masters,184232,2
58,Male,Lahore,Masters,23631,0
46,Male,Lahore,Intermediate,171353,2
57,Male,Quetta,Bachelors,147734,2
51,Female,Islamabad,Intermediate,71399,1
32,Male,Quetta,Bachelors,176503,2
36,Male,Quetta,Matric,173686,2
54,Female,Peshawar,Masters,80920,1
40,Male,Karachi,Matric,48082,0
41,Male,Karachi,Matric,167603,2
38,Female,Lahore,Bachelors,135053,2
53,Male,Quetta,Bachelors,145426,2
45,Male,Islamabad,Intermediate,49956,0
22,Female,Lahore,Intermediate,179342,2
49,Female,Quetta,Matric,168702,2
25,Female,Karachi,Matric,117661,1
21,Female,Karachi,Matric,143257,2
27,Male,Quetta,Masters,157050,2
57,Female,Peshawar,Matric,59071,0
48,Female,Quetta,Intermediate,167977,2
32,Male,Lahore,Bachelors,196072,2
42,Female,Islamabad,Intermediate,75419,1
42,Female,Quetta,Intermediate,165363,2
38,Female,Islamabad,Intermediate,104080,1
38,Male,Lahore,Masters,140029,2
56,Male,Quetta,Matric,63950,1
35,Male,Peshawar,Intermediate,145588,2
25,Female,Quetta,Masters,78005,1
42,Female,Quetta,Matric,199980,2
35,Female,Peshawar,Matric,139246,2
44,Female,Islamabad,Bachelors,40567,0
30,Female,Islamabad,Matric,87260,1
50,Female,Islamabad,Bachelors,169109,2
36,Male,Peshawar,Intermediate,156998,2
42,Female,Peshawar,Bachelors,108199,1
59,Female,Karachi,Masters,111396,1
20,Male,Quetta,Masters,41727,0
59,Female,Islamabad,Matric,154153,2
38,Female,Islamabad,Bachelors,96865,1
58,Female,Peshawar,Matric,137235,2
53,Female,Lahore,Intermediate,161877,2
29,Male,Karachi,Intermediate,60372,1
37,Male,Islamabad,Bachelors,25110,0
23,Female,Islamabad,Matric,102617,1
21,Male,Peshawar,Masters,127539,2
27,Female,Islamabad,Intermediate,93445,1
38,Female,Peshawar,Intermediate,112197,1
21,Female,Karachi,Matric,166451,2
34,Male,Quetta,Matric,89122,1
41,Male,Lahore,Bachelors,26643,0
21,Female,Lahore,Intermediate,165298,2
48,Female,Quetta,Bachelors,130384,2
36,Female,Peshawar,Masters,172889,2
55,Male,Quetta,Masters,161330,2
53,Female,Karachi,Bachelors,96256,1
35,Male,Quetta,Matric,104730,1
45,Male,Islamabad,Matric,53787,0
50,Male,Quetta,Masters,50447,0
44,Male,Quetta,Bachelors,165544,2
43,Female,Peshawar,Matric,159401,2
20,Male,Islamabad,Matric,157469,2
23,Male,Islamabad,Matric,43284,0
36,Female,Islamabad,Intermediate,90553,1
22,Male,Peshawar,Masters,153168,2
38,Female,Peshawar,Masters,46201,0
21,Female,Lahore,Bachelors,114848,1
41,Male,Quetta,Intermediate,145736,2
48,Female,Karachi,Masters,174324,2
47,Female,Quetta,Intermediate,112573,1
39,Female,Islamabad,Bachelors,39675,0
31,Female,Lahore,Masters,160905,2
42,Male,Quetta,Matric,116044,1
53,Female,Islamabad,Masters,60785,1
38,Female,Lahore,Matric,50682,0
24,Female,Lahore,Masters,158999,2
28,Female,Peshawar,Intermediate,153611,2
31,Male,Peshawar,Intermediate,48228,0
20,Male,Lahore,Matric,117239,1
36,Male,Karachi,Matric,49055,0
29,Male,Peshawar,Matric,26304,0
21,Male,Lahore,Matric,149350,2
39,Male,Karachi,Matric,117852,1
51,Female,Lahore,Bachelors,197832,2
56,Female,Karachi,Matric,70669,1
23,Female,Karachi,Intermediate,33140,0
22,Female,Karachi,Intermediate,141673,2
51,Female,Islamabad,Matric,89286,1
39,Female,Quetta,Bachelors,68777,1
52,Female,Islamabad,Bachelors,30800,0
49,Male,Peshawar,Masters,83870,1
21,Female,Quetta,Intermediate,25774,0
57,Male,Quetta,Masters,20781,0
44,Male,Karachi,Masters,38489,0
45,Female,Karachi,Bachelors,120417,2
42,Female,Islamabad,Masters,111179,1
50,Female,Quetta,Bachelors,41253,0
56,Female,Karachi,Bachelors,123850,2
36,Male,Islamabad,Bachelors,153623,2
29,Female,Quetta,Masters,172872,2
53,Male,Peshawar,Masters,26710,0
26,Male,Lahore,Intermediate,158043,2
37,Female,Quetta,Intermediate,57711,0
20,Male,Islamabad,Bachelors,152970,2
57,Female,Karachi,Masters,109087,1
25,Male,Quetta,Masters,40074,0
54,Female,Islamabad,Masters,145576,2
29,Male,Karachi,Bachelors,51852,0
38,Female,Peshawar,Intermediate,21283,0
45,Female,Lahore,Bachelors,46170,0
44,Male,Karachi,Bachelors,46819,0
42,Female,Lahore,Intermediate,52994,0
45,Male,Karachi,Masters,115665,1
23,Male,Quetta,Masters,142232,2
28,Female,Quetta,Masters,169960,2
38,Female,Lahore,Intermediate,29346,0
29,Female,Lahore,Masters,187188,2
45,Female,Lahore,Intermediate,115648,1
38,Male,Quetta,Intermediate,196168,2
35,Female,Islamabad,Matric,104246,1
39,Male,Peshawar,Masters,169130,2
47,Male,Islamabad,Bachelors,178588,2
33,Female,Lahore,Bachelors,161559,2
45,Male,Karachi,Masters,48795,0
18,Female,Islamabad,Masters,107960,1
55,Male,Peshawar,Bachelors,160600,2
31,Female,Quetta,Matric,73798,1
26,Male,Quetta,Matric,161521,2
50,Female,Islamabad,Bachelors,87990,1
44,Female,Quetta,Matric,94567,1
52,Male,Islamabad,Masters,159544,2
57,Female,Lahore,Intermediate,54518,0
39,Female,Karachi,Bachelors,35282,0
20,Female,Islamabad,Matric,25075,0
24,Female,Karachi,Bachelors,33947,0
36,Male,Quetta,Intermediate,70085,1
53,Female,Karachi,Intermediate,79711,1
50,Female,Quetta,Matric,66733,1
28,Male,Islamabad,Matric,112493,1
47,Male,Quetta,Bachelors,28259,0
45,Female,Lahore,Matric,126108,2
39,Male,Peshawar,Intermediate,117136,1
47,Female,Islamabad,Bachelors,85087,1
38,Male,Peshawar,Matric,78643,1
54,Male,Quetta,Matric,92692,1
26,Male,Karachi,Masters,111170,1
34,Female,Karachi,Masters,52174,0
57,Female,Quetta,Intermediate,84046,1
32,Male,Islamabad,Intermediate,147795,2
46,Female,Peshawar,Bachelors,116019,1
46,Male,Quetta,Bachelors,168934,2
45,Female,Quetta,Intermediate,50795,0
20,Female,Quetta,Intermediate,120311,2
51,Male,Karachi,Matric,183399,2
40,Female,Karachi,Intermediate,177584,2
29,Female,Lahore,Bachelors,60583,1
36,Female,Lahore,Matric,131032,2
46,Male,Karachi,Bachelors,93869,1
52,Female,Peshawar,Masters,116055,1
30,Male,Karachi,Intermediate,78557,1
25,Male,Quetta,Masters,116038,1
38,Male,Karachi,Masters,163677,2
59,Male,Karachi,Matric,156535,2
54,Male,Karachi,Matric,53623,0
38,Male,Islamabad,Bachelors,69334,1
58,Male,Peshawar,Masters,101554,1
28,Male,Peshawar,Matric,195271,2
36,Female,Peshawar,Matric,173504,2
43,Male,Quetta,Intermediate,101348,1
25,Male,Islamabad,Intermediate,186892,2
40,Male,Quetta,Intermediate,197809,2
19,Female,Karachi,Bachelors,44995,0
35,Male,Islamabad,Bachelors,30651,0
57,Female,Karachi,Matric,36715,0
32,Male,Lahore,Bachelors,187708,2
58,Female,Lahore,Bachelors,161130,2
30,Female,Lahore,Bachelors,96917,1
26,Male,Quetta,Bachelors,170611,2
23,Male,Peshawar,Intermediate,119932,1
55,Male,Lahore,Matric,179741,2
29,Male,Islamabad,Matric,199510,2
32,Female,Peshawar,Matric,188509,2
48,Male,Karachi,Intermediate,120123,2
38,Female,Islamabad,Intermediate,141251,2
52,Male,Karachi,Matric,82493,1
51,Female,Islamabad,Bachelors,99003,1
32,Male,Islamabad,Masters,198847,2
53,Female,Karachi,Masters,196806,2
51,Female,Quetta,Matric,88803,1
54,Female,Karachi,Matric,195251,2
36,Male,Lahore,Masters,37297,0
45,Male,Islamabad,Bachelors,162810,2
28,Male,Karachi,Intermediate,159839,2
22,Female,Lahore,Masters,111575,1
29,Female,Karachi,Bachelors,199587,2
22,Female,Islamabad,Bachelors,140906,2
21,Female,Islamabad,Intermediate,67093,1
44,Female,Islamabad,Intermediate,169765,2
32,Male,Lahore,Matric,153241,2
54,Female,Quetta,Matric,51778,0
40,Female,Quetta,Intermediate,157416,2
46,Male,Islamabad,Bachelors,166045,2
34,Male,Quetta,Matric,154308,2
58,Male,Peshawar,Intermediate,28556,0
39,Male,Islamabad,Bachelors,70098,1
20,Female,Lahore,Masters,146060,2
38,Female,Quetta,Matric,20138,0
56,Female,Islamabad,Matric,119931,1
41,Male,Islamabad,Matric,78478,1
51,Male,Quetta,Bachelors,190492,2
34,Male,Quetta,Intermediate,94965,1
41,Female,Islamabad,Matric,170023,2
45,Male,Karachi,Matric,112021,1
36,Male,Islamabad,Matric,175914,2
29,Female,Peshawar,Intermediate,46086,0
45,Male,Karachi,Masters,66099,1
58,Female,Lahore,Masters,33893,0
34,Male,Islamabad,Intermediate,150351,2
49,Female,Lahore,Masters,92805,1
28,Male,Islamabad,Bachelors,164063,2
34,Male,Peshawar,Intermediate,172155,2
21,Male,Peshawar,Bachelors,170575,2
26,Female,Quetta,Matric,28016,0
34,Male,Karachi,Masters,131431,2
36,Male,Islamabad,Bachelors,141668,2
30,Male,Peshawar,Bachelors,110102,1
33,Female,Peshawar,Intermediate,187746,2
27,Female,Peshawar,Masters,168683,2
19,Male,Islamabad,Masters,78653,1
47,Male,Islamabad,Bachelors,142225,2
25,Female,Karachi,Masters,31590,0
47,Male,Islamabad,Matric,183864,2
54,Male,Peshawar,Matric,62727,1
25,Male,Quetta,Masters,192232,2
18,Female,Islamabad,Intermediate,166110,2
57,Male,Karachi,Intermediate,74189,1
31,Female,Quetta,Intermediate,120318,2
55,Male,Islamabad,Masters,175394,2
31,Female,Peshawar,Matric,30207,0
51,Male,Peshawar,Bachelors,42031,0
19,Female,Karachi,Bachelors,163521,2
59,Female,Quetta,Intermediate,131041,2
43,Male,Quetta,Intermediate,88487,1
40,Female,Islamabad,Intermediate,121084,2
56,Male,Karachi,Matric,166664,2
47,Male,Peshawar,Matric,142258,2
36,Male,Karachi,Intermediate,181822,2
34,Male,Lahore,Intermediate,109571,1
25,Female,Quetta,Masters,20159,0
31,Female,Quetta,Intermediate,127507,2
41,Male,Quetta,Matric,91126,1
25,Female,Quetta,Bachelors,163309,2
51,Female,Lahore,Bachelors,66154,1
58,Female,Karachi,Bachelors,132056,2
48,Male,Lahore,Matric,182969,2
35,Female,Karachi,Bachelors,82551,1
25,Male,Peshawar,Masters,75103,1
46,Female,Islamabad,Matric,39008,0
36,Male,Islamabad,Intermediate,156643,2
53,Female,Islamabad,Matric,111218,1
23,Female,Quetta,Bachelors,52441,0
40,Female,Peshawar,Matric,112122,1
42,Female,Lahore,Bachelors,114230,1
38,Male,Islamabad,Matric,49796,0
50,Female,Quetta,Bachelors,140592,2
21,Male,Karachi,Intermediate,98356,1
37,Male,Islamabad,Masters,86852,1
59,Male,Peshawar,Intermediate,74575,1
56,Female,Karachi,Bachelors,87055,1
35,Female,Islamabad,Masters,74120,1
24,Male,Peshawar,Intermediate,47364,0
30,Female,Lahore,Masters,49320,0
26,Female,Islamabad,Intermediate,147927,2
39,Male,Quetta,Matric,127692,2
51,Male,Quetta,Intermediate,174626,2
45,Female,Quetta,Masters,36923,0
57,Female,Karachi,Masters,80948,1
52,Male,Karachi,Matric,24213,0
27,Male,Quetta,Bachelors,153172,2
27,Female,Peshawar,Matric,38199,0
19,Female,Karachi,Masters,51881,0
52,Male,Islamabad,Bachelors,187093,2
41,Male,Islamabad,Matric,152473,2
43,Female,Karachi,Masters,122518,2
45,Female,Karachi,Masters,22745,0
29,Male,Peshawar,Intermediate,91354,1
47,Male,Lahore,Matric,101029,1
24,Female,Peshawar,Matric,60992,1
24,Female,Karachi,Intermediate,157227,2
33,Female,Islamabad,Matric,172035,2
30,Male,Quetta,Bachelors,172008,2
49,Male,Karachi,Bachelors,198904,2
25,Male,Islamabad,Masters,196743,2
20,Male,Karachi,Matric,112769,1
51,Female,Peshawar,Bachelors,123547,2
40,Female,Lahore,Masters,132217,2
57,Male,Peshawar,Masters,94707,1
28,Male,Quetta,Intermediate,102152,1
34,Male,Lahore,Masters,97240,1
43,Male,Lahore,Bachelors,126956,2
25,Female,Quetta,Bachelors,27006,0
45,Male,Islamabad,Matric,184912,2
55,Female,Quetta,Matric,38990,0
48,Male,Lahore,Intermediate,128272,2
22,Female,Quetta,Matric,198634,2
50,Female,Islamabad,Intermediate,67118,1
49,Male,Lahore,Matric,148557,2
22,Female,Lahore,Intermediate,51433,0
30,Male,Islamabad,Intermediate,58405,0
46,Female,Quetta,Matric,159883,2
50,Male,Islamabad,Matric,67153,1
28,Male,Quetta,Masters,48328,0
33,Female,Islamabad,Masters,51279,0
43,Female,Karachi,Masters,107178,1
54,Male,Lahore,Bachelors,58870,0
55,Female,Lahore,Intermediate,148389,2
21,Female,Islamabad,Matric,23642,0
51,Male,Islamabad,Bachelors,175892,2
33,Female,Lahore,Bachelors,159783,2
30,Female,Quetta,Bachelors,172614,2
34,Male,Quetta,Masters,145681,2
39,Male,Quetta,Matric,104388,1
27,Female,Peshawar,Masters,187849,2
38,Female,Lahore,Masters,156039,2
19,Male,Islamabad,Intermediate,101050,1
46,Male,Quetta,Matric,86732,1
27,Female,Karachi,Intermediate,60695,1
44,Female,Islamabad,Matric,127096,2
46,Male,Karachi,Bachelors,29171,0
37,Male,Islamabad,Bachelors,23696,0
56,Male,Lahore,Intermediate,150064,2
35,Male,Quetta,Matric,86641,1
21,Male,Lahore,Matric,35417,0
43,Male,Quetta,Masters,181033,2
28,Male,Karachi,Matric,54681,0
18,Male,Lahore,Masters,54540,0
58,Male,Quetta,Matric,147626,2
38,Male,Quetta,Intermediate,128946,2
24,Male,Lahore,Masters,27812,0
38,Female,Quetta,Bachelors,94601,1
37,Male,Lahore,Masters,40700,0
25,Male,Islamabad,Masters,164941,2
45,Female,Karachi,Bachelors,182627,2
32,Male,Peshawar,Matric,111502,1
41,Male,Peshawar,Masters,82433,1
46,Female,Lahore,Masters,167745,2
40,Male,Quetta,Bachelors,194956,2
22,Male,Peshawar,Intermediate,188616,2
23,Male,Karachi,Intermediate,132230,2
55,Male,Peshawar,Masters,58402,0
39,Male,Quetta,Masters,131435,2
55,Male,Quetta,Bachelors,177636,2
30,Male,Lahore,Intermediate,186589,2
54,Male,Islamabad,Bachelors,167661,2
53,Male,Peshawar,Intermediate,22708,0
25,Male,Islamabad,Bachelors,30014,0
59,Female,Islamabad,Intermediate,98077,1
26,Male,Islamabad,Masters,32297,0
39,Male,Karachi,Masters,98958,1
42,Male,Peshawar,Matric,182917,2
18,Male,Karachi,Bachelors,97603,1
34,Male,Lahore,Masters,105774,1
49,Male,Islamabad,Intermediate,170528,2
40,Female,Peshawar,Intermediate,121968,2
51,Male,Karachi,Matric,104040,1
30,Female,Quetta,Masters,186132,2
20,Male,Karachi,Masters,169359,2
18,Male,Islamabad,Intermediate,64814,1
53,Female,Quetta,Intermediate,61328,1
36,Male,Quetta,Bachelors,38919,0
31,Female,Karachi,Intermediate,90305,1
21,Female,Islamabad,Matric,90533,1
50,Male,Islamabad,Matric,169696,2
22,Male,Peshawar,Masters,87391,1
52,Male,Quetta,Masters,24986,0
27,Male,Quetta,Bachelors,167907,2
40,Female,Islamabad,Matric,147815,2
24,Female,Islamabad,Intermediate,44335,0
36,Male,Lahore,Masters,57327,0
25,Female,Karachi,Matric,107051,1
28,Male,Islamabad,Masters,86960,1
23,Male,Peshawar,Matric,174692,2
50,Female,Lahore,Masters,138248,2
36,Female,Peshawar,Bachelors,46049,0
47,Male,Quetta,Matric,66220,1
37,Female,Islamabad,Masters,124245,2
46,Female,Quetta,Matric,75633,1
27,Male,Karachi,Masters,124092,2
27,Male,Lahore,Intermediate,115556,1
45,Female,Karachi,Matric,130041,2
37,Male,Karachi,Bachelors,146155,2
24,Male,Islamabad,Intermediate,42625,0
42,Male,Lahore,Masters,96361,1
55,Female,Lahore,Bachelors,117718,1
56,Male,Peshawar,Bachelors,50949,0
37,Male,Karachi,Intermediate,81842,1
37,Male,Lahore,Intermediate,150356,2
51,Female,Islamabad,Intermediate,185582,2
44,Female,Karachi,Matric,114767,1
23,Male,Islamabad,Masters,74330,1
19,Male,Quetta,Matric,22642,0
43,Male,Lahore,Matric,166510,2
39,Male,Peshawar,Bachelors,119575,1
39,Female,Lahore,Intermediate,75276,1
45,Male,Karachi,Matric,193123,2
24,Male,Karachi,Masters,85618,1
18,Female,Quetta,Matric,101132,1
59,Female,Karachi,Intermediate,102289,1
44,Female,Lahore,Bachelors,158746,2
38,Male,Karachi,Masters,89212,1
26,Male,Lahore,Bachelors,181015,2
45,Male,Islamabad,Matric,111176,1
59,Female,Quetta,Matric,113863,1
56,Male,Peshawar,Bachelors,152206,2
49,Female,Karachi,Matric,41869,0
22,Male,Lahore,Masters,30442,0
20,Female,Lahore,Matric,106346,1
33,Female,Lahore,Intermediate,177221,2
36,Female,Islamabad,Bachelors,34924,0
20,Female,Karachi,Bachelors,30103,0
44,Female,Islamabad,Intermediate,102409,1
34,Male,Peshawar,Intermediate,175242,2
42,Male,Karachi,Masters,194875,2
50,Female,Peshawar,Matric,169329,2
38,Female,Peshawar,Intermediate,155530,2
55,Female,Quetta,Intermediate,150299,2
54,Male,Quetta,Intermediate,175489,2
39,Female,Islamabad,Intermediate,27352,0
30,Female,Peshawar,Bachelors,49493,0
41,Female,Quetta,Bachelors,158368,2
20,Female,Lahore,Matric,87173,1
55,Male,Peshawar,Matric,120336,2
27,Female,Peshawar,Intermediate,182246,2
20,Male,Quetta,Bachelors,102722,1
21,Male,Karachi,Masters,22187,0
44,Female,Lahore,Bachelors,77620,1
41,Male,Peshawar,Bachelors,153663,2
49,Male,Quetta,Intermediate,101257,1
56,Female,Karachi,Matric,144116,2
26,Female,Islamabad,Matric,104514,1
56,Female,Karachi,Intermediate,183926,2
34,Female,Islamabad,Intermediate,26968,0
39,Male,Peshawar,Bachelors,21700,0
40,Male,Quetta,Bachelors,25520,0
57,Male,Lahore,Matric,192677,2
35,Female,Karachi,Intermediate,127216,2
49,Female,Islamabad,Intermediate,172185,2
27,Male,Quetta,Bachelors,63939,1
51,Male,Lahore,Masters,141866,2
31,Male,Islamabad,Intermediate,64942,1
45,Female,Islamabad,Matric,28328,0
50,Female,Karachi,Bachelors,120546,2
27,Female,Lahore,Matric,181121,2
30,Female,Karachi,Intermediate,163279,2
30,Female,Karachi,Matric,90463,1
46,Male,Lahore,Matric,81510,1
